id,number,title,chapter,chapter_title,difficulty,frequency,top30,source_label,tags,path,followups,memo,content_version
Q001,1,卷积在图像处理中到底做了什么？,1,传统图像处理与视觉基础,3,4,False,公开面经近似原题,traditional-cv|convolution|public-interview-pattern,docs/01-traditional-cv/q001.md,为什么是平移等变而不是不变？|padding/stride/dilation 各改变什么？|1×1 卷积为什么有效？,卷积 = 局部 + 共享 + 等变。,v2-professional-expanded
Q002,2,Gaussian Blur 为什么能去噪？,1,传统图像处理与视觉基础,3,4,False,基础高频,traditional-cv|filtering,docs/01-traditional-cv/q002.md,σ 与 kernel size 如何配合？|Gaussian 与 bilateral filter 的差异？,先分析噪声频谱，再决定是否平滑。,v2-professional-expanded
Q003,3,Sobel、Laplacian、Canny 有什么区别？,1,传统图像处理与视觉基础,3,4,False,基础高频,traditional-cv|edge-detection,docs/01-traditional-cv/q003.md,Canny 两个阈值分别做什么？|为什么二阶导数更放大噪声？,Sobel 看一阶，Laplacian 看二阶，Canny 做完整边缘流程。,v2-professional-expanded
Q004,4,Histogram Equalization 为什么能提高对比度？,1,传统图像处理与视觉基础,3,4,False,基础高频,traditional-cv,docs/01-traditional-cv/q004.md,CLAHE 为什么要 clip？|Gamma correction 与 HE 有何不同？,HE 拉开灰度；CLAHE 解决局部照明并控制噪声增益。,v2-professional-expanded
Q005,5,腐蚀、膨胀、开闭运算分别做什么？,1,传统图像处理与视觉基础,3,4,False,基础高频,traditional-cv,docs/01-traditional-cv/q005.md,结构元素形状为什么重要？|如何用形态学连接文本行？,腐蚀收缩、膨胀扩张；开去噪、闭补洞。,v2-professional-expanded
Q006,6,RGB、HSV、YCbCr 为什么要存在不同颜色空间？,1,传统图像处理与视觉基础,3,4,False,基础高频,traditional-cv,docs/01-traditional-cv/q006.md,为什么 JPEG/视频偏好 YCbCr？|HSV 在灰色附近为什么不稳定？,RGB 面向设备，HSV 面向感知，YCbCr 面向亮度/色度分离。,v2-professional-expanded
Q007,7,什么是图像金字塔？它和 FPN 有什么关系？,1,传统图像处理与视觉基础,3,4,False,基础高频,traditional-cv|fpn,docs/01-traditional-cv/q007.md,FPN 为什么不是简单 resize？|BiFPN/PAN 改了什么？,传统金字塔做像素尺度，FPN 做特征尺度。,v2-professional-expanded
Q008,8,SIFT 为什么具有尺度和旋转不变性？,1,传统图像处理与视觉基础,3,4,False,基础高频,traditional-cv|local-feature,docs/01-traditional-cv/q008.md,为什么用 DoG？|SIFT 与 ORB 的权衡？,尺度空间找点，主方向对齐，梯度直方图描述。,v2-professional-expanded
Q009,9,HOG 的基本原理是什么？,1,传统图像处理与视觉基础,3,4,False,基础高频,traditional-cv|handcrafted-feature,docs/01-traditional-cv/q009.md,为什么要 block normalization？|HOG 与 SIFT 有何共同点？,HOG = 局部方向直方图 + block 归一化。,v2-professional-expanded
Q010,10,图像缩放为什么会发生 aliasing？,1,传统图像处理与视觉基础,3,4,False,基础高频,traditional-cv,docs/01-traditional-cv/q010.md,为什么下采样比上采样更需要 anti-alias？|align_corners 会带来什么差异？,缩小前先限频；resize 是模型分布的一部分。,v2-professional-expanded
Q011,11,为什么 CNN 适合处理图像？,2,CNN 与深度学习基本功,3,5,False,公开面经高频,cnn-fundamentals|public-interview-pattern,docs/02-cnn-fundamentals/q011.md,CNN 的 inductive bias 对 ViT 是优势还是限制？|什么时候等变性会被破坏？,CNN 的核心是局部、共享、层级。,v2-professional-expanded
Q012,12,卷积层参数量和 FLOPs 怎么计算？,2,CNN 与深度学习基本功,4,5,True,基础高频,cnn-fundamentals|convolution|inference|top30,docs/02-cnn-fundamentals/q012.md,给定 224×224×64，3×3 到128通道怎么算？|为什么 FLOPs 与 latency 不等价？,参数看核和通道；计算再乘输出位置。,v2-professional-expanded
Q013,13,什么是 receptive field？怎么计算？,2,CNN 与深度学习基本功,4,5,True,基础高频,cnn-fundamentals|top30,docs/02-cnn-fundamentals/q013.md,两个 3×3 stride1 的感受野是多少？|dilation=2 的 3×3 等效尺寸？,感受野是“看得到多大”，有效感受野是“真正依赖多大”。,v2-professional-expanded
Q014,14,为什么深层网络会梯度消失/爆炸？,2,CNN 与深度学习基本功,4,5,True,公开面经高频,cnn-fundamentals|public-interview-pattern|top30,docs/02-cnn-fundamentals/q014.md,ResNet identity path 为什么有帮助？|BN 能完全解决梯度问题吗？,深网络梯度是连乘；稳定训练要同时控制尺度和路径。,v2-professional-expanded
Q015,15,Xavier 和 He 初始化有什么区别？,2,CNN 与深度学习基本功,4,4,False,基础高频,cnn-fundamentals,docs/02-cnn-fundamentals/q015.md,fan_in/fan_out 是什么？|预训练 backbone 需要重新初始化吗？,Xavier 保方差，He 为 ReLU 截断做补偿。,v2-professional-expanded
Q016,16,BatchNorm 为什么有效？训练和推理有什么区别？,2,CNN 与深度学习基本功,5,5,True,公开面经原型/手撕高频,cnn-fundamentals|normalization|public-interview-pattern|top30,docs/02-cnn-fundamentals/q016.md,running mean/var 怎么更新？|为什么 γ/β 必须可学？|batch size=1 会怎样？,BN = 批统计归一化 + γβ；训练看 batch，推理看 running。,v2-professional-expanded
Q017,17,BN、LN、GN 有什么区别？,2,CNN 与深度学习基本功,4,4,False,基础高频,cnn-fundamentals|normalization,docs/02-cnn-fundamentals/q017.md,为什么 Transformer 常用 LN？|GN 的 group 数怎么选？,Norm 的核心问题：统计谁、统计哪些轴、是否依赖 batch。,v2-professional-expanded
Q018,18,为什么 ResNet 可以训练很深？,2,CNN 与深度学习基本功,5,5,True,基础高频,cnn-fundamentals|residual-network|top30,docs/02-cnn-fundamentals/q018.md,projection shortcut 为什么用 1×1？|bottleneck 为什么 1×1-3×3-1×1？,ResNet 的关键是 identity highway。,v2-professional-expanded
Q019,19,ReLU 为什么比 sigmoid 更适合深网络？,2,CNN 与深度学习基本功,3,4,False,基础高频,cnn-fundamentals,docs/02-cnn-fundamentals/q019.md,dead ReLU 为什么发生？|GELU 与 ReLU 的直觉差异？,ReLU 用非饱和正半轴换来更易优化。,v2-professional-expanded
Q020,20,Dropout 为什么训练时要 scaling？,2,CNN 与深度学习基本功,3,4,False,基础高频,cnn-fundamentals,docs/02-cnn-fundamentals/q020.md,Dropout 与 ensemble 有何联系？|stochastic depth 与 dropout 差在哪？,训练时保期望，推理时用完整网络。,v2-professional-expanded
Q021,21,普通卷积、Group Conv、Depthwise Conv 有什么区别？,2,CNN 与深度学习基本功,4,5,True,公开面经高频,cnn-fundamentals|convolution|depth|public-interview-pattern|top30,docs/02-cnn-fundamentals/q021.md,为什么 1×1 可能占 MobileNet 大部分计算？|Depthwise 为什么实际不一定快？,Group 控制通道连接，Depthwise 拆开空间与通道混合。,v2-professional-expanded
Q022,22,MobileNet V1/V2/V3 分别解决了什么？,2,CNN 与深度学习基本功,4,5,False,公开面经原型,cnn-fundamentals|efficient-network|public-interview-pattern,docs/02-cnn-fundamentals/q022.md,为什么叫 inverted residual？|linear bottleneck 为什么重要？,V1 拆卷积，V2 倒残差+线性瓶颈，V3 加搜索与硬件约束。,v2-professional-expanded
Q023,23,SE 和 CBAM Attention 怎么工作？,2,CNN 与深度学习基本功,4,4,False,基础高频,cnn-fundamentals|attention,docs/02-cnn-fundamentals/q023.md,SE 为什么要 squeeze/excitation？|Attention 权重等于可解释性吗？,SE 重标通道，CBAM 再加空间重标。,v2-professional-expanded
Q024,24,SGD 和 Adam 有什么区别？,2,CNN 与深度学习基本功,4,5,True,公开面经高频,cnn-fundamentals|optimization|public-interview-pattern|top30,docs/02-cnn-fundamentals/q024.md,Adam 为什么需要 bias correction？|batch 变大为什么常调 learning rate？,SGD 积累方向，Adam 再按历史尺度自适应。,v2-professional-expanded
Q025,25,为什么 Weight Decay 和 L2 Regularization 在 Adam 中不完全一样？,2,CNN 与深度学习基本功,4,4,False,基础高频,cnn-fundamentals|optimization,docs/02-cnn-fundamentals/q025.md,为什么 norm/bias 常 no_decay？|AdamW 的 λ 与 lr 如何互动？,AdamW 把“优化梯度”和“参数衰减”分开。,v2-professional-expanded
Q026,26,Two-stage 和 One-stage Detector 的核心区别是什么？,3,目标检测,5,5,True,公开面经原题型,object-detection|public-interview-pattern|top30,docs/03-object-detection/q026.md,RetinaNet 为什么是里程碑？|DETR 还适合用 one-stage/two-stage 二分吗？,Two-stage 先候选后精修；One-stage 直接 dense 预测。,v2-professional-expanded
Q027,27,Faster R-CNN 完整流程是什么？,3,目标检测,5,5,True,公开面经原题,object-detection|faster-rcnn|public-interview-pattern|top30,docs/03-object-detection/q027.md,RPN 与 Fast R-CNN 区别？|Faster R-CNN 有几个 loss？|bbox delta 为什么对 w/h 取 log？,Faster R-CNN = shared feature + RPN 候选 + ROI 精修。,v2-professional-expanded
Q028,28,ROI Pooling 和 ROI Align 有什么区别？,3,目标检测,4,5,True,公开面经原题,object-detection|roi|public-interview-pattern|top30,docs/03-object-detection/q028.md,ROIAlign 采样点怎么选？|为什么 detection 也能受益？,Pool 的问题是量化；Align 用浮点采样保持对齐。,v2-professional-expanded
Q029,29,Anchor 是什么？为什么很多方法走向 Anchor-Free？,3,目标检测,4,4,False,基础高频,object-detection|anchor,docs/03-object-detection/q029.md,Anchor 如何用 k-means 设计？|ATSS/SimOTA 在解决什么？,Anchor 是模板先验；Anchor-free 把更多工作交给点/距离与动态匹配。,v2-professional-expanded
Q030,30,为什么小目标检测难？如何系统提升？,3,目标检测,5,5,True,公开面经高频,object-detection|small-object|public-interview-pattern|top30,docs/03-object-detection/q030.md,为什么放大输入不一定最好？|P2 的计算代价？,小目标先问“剩多少像素”，再谈网络。,v2-professional-expanded
Q031,31,FPN 为什么有效？,3,目标检测,5,5,True,基础高频,object-detection|fpn|top30,docs/03-object-detection/q031.md,为什么常用 add 而不是 concat？|P6/P7 从哪里来？,FPN 把深层语义送回高分辨率。,v2-professional-expanded
Q032,32,IoU 是什么？作为 loss 有什么问题？,3,目标检测,4,5,True,基础高频,object-detection|iou|top30,docs/03-object-detection/q032.md,为什么 IoU 对小框更敏感？|mask IoU 与 bbox IoU 的区别？,IoU 与指标一致，但不相交时信号不足。,v2-professional-expanded
Q033,33,GIoU、DIoU、CIoU 有什么区别？,3,目标检测,4,5,True,基础高频,object-detection|iou|top30,docs/03-object-detection/q033.md,GIoU 是否总≤IoU？|CIoU 的形状项什么时候有帮助？,GIoU 补外接，DIoU 补中心，CIoU 再补形状。,v2-professional-expanded
Q034,34,为什么 Smooth L1 曾常用于 bbox regression？,3,目标检测,4,4,False,公开面经公式题,object-detection|public-interview-pattern,docs/03-object-detection/q034.md,Smooth L1 的 β 控制什么？|为什么 bbox delta 的 w/h 常取 log？,小误差精修，大误差线性抗异常。,v2-professional-expanded
Q035,35,NMS 是什么？为什么需要？,3,目标检测,5,5,True,公开面经手撕原题,object-detection|nms|public-interview-pattern|top30,docs/03-object-detection/q035.md,阈值高/低如何影响 recall/precision？|如何手写向量化 NMS？,NMS = 按分数选代表，用 IoU 抑制重复。,v2-professional-expanded
Q036,36,NMS 有什么缺陷？Soft-NMS/NMS-free 在解决什么？,3,目标检测,4,4,False,基础高频,object-detection|nms,docs/03-object-detection/q036.md,为什么 one-to-one 有助于 NMS-free？|Soft-NMS 增加多少复杂度？,Hard NMS 从后处理抑制，NMS-free 从训练目标减少重复。,v2-professional-expanded
Q037,37,Focal Loss 为什么能解决 dense detector 类别不平衡？,3,目标检测,5,5,True,基础高频,object-detection|focal-loss|top30,docs/03-object-detection/q037.md,γ=0 时退化为什么？|Focal Loss 与 class weight 的关系？,少学 easy background，多学难样本。,v2-professional-expanded
Q038,38,AP 和 mAP 到底怎么计算？,3,目标检测,5,5,True,基础高频,object-detection|top30,docs/03-object-detection/q038.md,一个 GT 能匹配多个 prediction 吗？|为什么 accuracy 不适合检测？,score 排序→IoU匹配→PR→AP→平均。,v2-professional-expanded
Q039,39,DETR 为什么不需要 Anchor 和传统 NMS？,3,目标检测,5,4,True,基础高频,object-detection|anchor|nms|detr|top30,docs/03-object-detection/q039.md,matching cost 包含什么？|object query 是固定类别吗？,DETR 用集合匹配替代 anchor matching + NMS。,v2-professional-expanded
Q040,40,线上检测 Recall 很低，如何系统定位？,3,目标检测,5,5,True,基础高频,object-detection|top30,docs/03-object-detection/q040.md,Recall 低但 AP 不低可能为什么？|如何区分模型漏检与数据漏标？,线上问题要逐层定位：数据、预处理、模型、后处理、部署。,v2-professional-expanded
Q041,41,Semantic、Instance、Panoptic Segmentation 有什么区别？,4,图像分割,3,4,False,基础高频,segmentation,docs/04-segmentation/q041.md,thing/stuff 是什么？|Panoptic Quality 怎么理解？,Semantic 分类别，Instance 分对象，Panoptic 统一二者。,v2-professional-expanded
Q042,42,FCN 为什么是现代语义分割的重要起点？,4,图像分割,3,4,False,基础高频,segmentation,docs/04-segmentation/q042.md,FC 如何等价转成 conv？|转置卷积是否等于反卷积？,FCN 的革命是保留空间并直接做 dense output。,v2-professional-expanded
Q043,43,U-Net 为什么在医学/工业分割中流行？,4,图像分割,5,5,True,公开面经原题,segmentation|unet|public-interview-pattern|top30,docs/04-segmentation/q043.md,U-Net concat 与 FPN add 有何区别？|转置卷积可能有什么 artifact？,U-Net 用 skip 让语义和细节重新会合。,v2-professional-expanded
Q044,44,DeepLab 的核心思想是什么？ASPP 为什么有效？,4,图像分割,5,5,True,公开面经高频,segmentation|deeplab|public-interview-pattern|top30,docs/04-segmentation/q044.md,output stride=8/16 是什么？|ASPP rate 如何选？,DeepLab = atrous 高分辨率 + ASPP 多尺度 + decoder。,v2-professional-expanded
Q045,45,Dilated Convolution 为什么会有 gridding artifact？,4,图像分割,4,4,False,基础高频,segmentation,docs/04-segmentation/q045.md,"dilation=2 的等效尺寸？|为什么 1,2,5 比 2,2,2 覆盖更好？",Dilation 扩跨度不增采样数，固定稀疏网格会 gridding。,v2-professional-expanded
Q046,46,Dice Loss 为什么适合前景稀少的分割？,4,图像分割,4,5,True,基础高频,segmentation|dice|top30,docs/04-segmentation/q046.md,Dice 与 IoU 如何换算？|空 GT mask 怎么处理？,Dice 直接看重叠，所以对前景稀少友好。,v2-professional-expanded
Q047,47,mIoU 怎么计算？为什么 pixel accuracy 可能误导？,4,图像分割,3,4,False,基础高频,segmentation|iou,docs/04-segmentation/q047.md,IoU 与 Dice 的关系？|macro/micro averaging 差异？,mIoU 给每类算交并比再平均；背景多时 accuracy 会骗人。,v2-professional-expanded
Q048,48,如何提升细长缺陷、裂纹、道路分割？,4,图像分割,4,4,False,公开面经原题型,segmentation|public-interview-pattern,docs/04-segmentation/q048.md,为什么提高分辨率仍可能断裂？|如何采 hard negatives？,细长结构先保像素，再保连通。,v2-professional-expanded
Q049,49,为什么 segmentation boundary 特别难？,4,图像分割,4,4,False,基础高频,segmentation,docs/04-segmentation/q049.md,Boundary IoU 为什么有用？|边界标注噪声怎么处理？,边界难 = 样本少 + 下采样 + 标注不确定。,v2-professional-expanded
Q050,50,Mask R-CNN 为什么能做 instance segmentation？,4,图像分割,4,4,False,基础高频,segmentation|mask-rcnn,docs/04-segmentation/q050.md,为什么 mask head 不用 softmax？|mask 如何映射回原图？,Mask R-CNN = 检测实例 + 为每个实例独立预测 binary mask。,v2-professional-expanded
Q051,51,一个工业 OCR 系统完整 pipeline 是什么？,5,OCR 与文档视觉,3,4,False,基础高频,ocr-document-vision|ocr,docs/05-ocr-document-vision/q051.md,为什么 detection/recognition 分开？|端到端 OCR 的优缺点？,OCR 不是一个模型，而是一条定位→读取→结构化链。,v2-professional-expanded
Q052,52,DBNet 为什么适合文本检测？,5,OCR 与文档视觉,4,4,False,基础高频,ocr-document-vision|normalization|dbnet,docs/05-ocr-document-vision/q052.md,为什么要 shrink GT polygon？|k 变大时会怎样？,DBNet 把“阈值”也学起来。,v2-professional-expanded
Q053,53,CRNN 是怎么识别文字的？,5,OCR 与文档视觉,4,4,False,基础高频,ocr-document-vision|crnn,docs/05-ocr-document-vision/q053.md,为什么固定高度、可变宽度？|CTC greedy 与 beam search 有何差异？,CRNN = CNN 看字形，序列模型看上下文，CTC 解对齐。,v2-professional-expanded
Q054,54,CTC 为什么不需要字符级对齐标注？,5,OCR 与文档视觉,4,4,False,基础高频,ocr-document-vision|ctc,docs/05-ocr-document-vision/q054.md,为什么 repeated letters 需要 blank？|T 和 U 有什么约束？,CTC 用路径求和把未知对齐边际化。,v2-professional-expanded
Q055,55,CTC 的核心局限是什么？,5,OCR 与文档视觉,4,4,False,基础高频,ocr-document-vision|ctc,docs/05-ocr-document-vision/q055.md,CTC 与 autoregressive 谁更快？|attention decoder 为什么会漏字/重复？,CTC 对齐方便且并行快，但显式语言依赖较弱。,v2-professional-expanded
Q056,56,弯曲文字、透视文字怎么办？,5,OCR 与文档视觉,4,4,False,基础高频,ocr-document-vision,docs/05-ocr-document-vision/q056.md,Homography 需要几对点？|TPS 为什么比 affine 灵活？,简单透视用 H，复杂弯曲用 TPS/STN。,v2-professional-expanded
Q057,57,中文 OCR 为什么比英文更难？,5,OCR 与文档视觉,4,4,False,基础高频,ocr-document-vision|ocr,docs/05-ocr-document-vision/q057.md,生僻字 OOV 怎么处理？|字体合成如何减小 domain gap？,中文 OCR 难在超大、长尾、形近的字符空间。,v2-professional-expanded
Q058,58,OCR 离线 99%，上线只有 90%，怎么定位？,5,OCR 与文档视觉,4,4,False,基础高频,ocr-document-vision|ocr,docs/05-ocr-document-vision/q058.md,如何区分 detector miss 与 recognizer error？|如何做低置信度拒识？,端到端掉点要逐级 trace。,v2-professional-expanded
Q059,59,ViT 如何把图像变成 Transformer 输入？,6,ViT、自监督、CLIP 与 SAM,5,5,True,2026核心,vision-foundation-models|vit|top30,docs/06-vision-foundation-models/q059.md,Patch embedding 是否等价于 stride=P 的 conv？|位置编码如何插值到新分辨率？,ViT = image patches 变 token，关系靠 self-attention。,v2-professional-expanded
Q060,60,为什么 ViT 小数据上往往不如 CNN？,6,ViT、自监督、CLIP 与 SAM,4,5,False,公开面经高频,vision-foundation-models|vit|public-interview-pattern,docs/06-vision-foundation-models/q060.md,ViT 是否“没有 inductive bias”？|ConvNeXt 说明什么？,数据少时先验更值钱；数据大时自由度更值钱。,v2-professional-expanded
Q061,61,Self-Attention 在视觉里的复杂度是多少？,6,ViT、自监督、CLIP 与 SAM,5,5,True,2026核心,vision-foundation-models|attention|top30,docs/06-vision-foundation-models/q061.md,FlashAttention 为什么快？|window 如何跨窗通信？,图像面积决定 token 数，token 平方决定全局 attention 的痛点。,v2-professional-expanded
Q062,62,Swin Transformer 为什么适合 dense vision task？,6,ViT、自监督、CLIP 与 SAM,4,4,False,基础高频,vision-foundation-models|swin,docs/06-vision-foundation-models/q062.md,shifted window 为什么需要 mask？|Swin 与 ConvNeXt 有哪些相似点？,Swin = 窗口省计算 + shift 传信息 + hierarchy 做 dense task。,v2-professional-expanded
Q063,63,MAE 为什么 mask 75% patches 仍然能学好？,6,ViT、自监督、CLIP 与 SAM,4,4,False,基础高频,vision-foundation-models|mae,docs/06-vision-foundation-models/q063.md,为什么 decoder 可以很轻？|mask ratio 太高会怎样？,高 mask 让任务更难，也让 encoder 更省。,v2-professional-expanded
Q064,64,CLIP 是怎么实现图文对齐的？,6,ViT、自监督、CLIP 与 SAM,5,5,True,基础高频,vision-foundation-models|clip|top30,docs/06-vision-foundation-models/q064.md,为什么要 normalize embedding？|false negatives 会怎样？,CLIP = 双编码器 + 对比学习，共享一个语义坐标系。,v2-professional-expanded
Q065,65,CLIP 为什么可以 zero-shot classification？,6,ViT、自监督、CLIP 与 SAM,4,4,False,基础高频,vision-foundation-models|clip,docs/06-vision-foundation-models/q065.md,为什么同义 prompt 会改变结果？|open-vocabulary detection 如何借用 CLIP？,Zero-shot CLIP = 文本 embedding 当动态分类器。,v2-professional-expanded
Q066,66,SAM 的核心架构是什么？,6,ViT、自监督、CLIP 与 SAM,5,5,True,公开面经原题,vision-foundation-models|sam|public-interview-pattern|top30,docs/06-vision-foundation-models/q066.md,为什么同一个点可输出多个 masks？|如何用 SAM 做 pseudo-label？,SAM = 图像一次编码，prompt+轻 decoder 多次交互。,v2-professional-expanded
Q067,67,SAM 为什么 zero-shot 强？SAM2 增加了什么？,6,ViT、自监督、CLIP 与 SAM,5,5,True,公开面经原题,vision-foundation-models|sam|public-interview-pattern|top30,docs/06-vision-foundation-models/q067.md,SAM2 memory 存什么？|SAM 在工业缺陷上为什么可能差？,SAM 靠大数据+统一任务泛化；SAM2 再靠 memory 获得视频一致性。,v2-professional-expanded
Q068,68,Diffusion Model 的基本思想是什么？,7,Diffusion 与生成视觉,4,4,False,基础高频,generative-vision|diffusion,docs/07-generative-vision/q068.md,为什么训练不必真的前向 T 次？|DDIM 为什么能少步？,Diffusion = 已知加噪 + 学习逆过程。,v2-professional-expanded
Q069,69,为什么 DDPM 常预测噪声 ε？,7,Diffusion 与生成视觉,4,4,False,基础高频,generative-vision|ddpm,docs/07-generative-vision/q069.md,ε-pred/x0-pred/v-pred 有何关系？|为什么高 t 更难？,预测 ε 是因为 forward 方程直接给监督且能推 reverse。,v2-professional-expanded
Q070,70,Latent Diffusion 为什么比 pixel diffusion 便宜？,7,Diffusion 与生成视觉,4,4,False,基础高频,generative-vision|diffusion|latent-diffusion,docs/07-generative-vision/q070.md,VAE 为什么影响文字质量？|压缩率越大越好吗？,把昂贵生成建模搬到低分辨率语义空间。,v2-professional-expanded
Q071,71,Classifier-Free Guidance 是什么？,7,Diffusion 与生成视觉,4,4,False,基础高频,generative-vision|cfg,docs/07-generative-vision/q071.md,w=0/1 分别意味着什么？|negative prompt 如何进入？,CFG 用 cond-uncond 差向量把采样推向条件。,v2-professional-expanded
Q072,72,U-Net 和 DiT 做 diffusion backbone 有什么区别？,7,Diffusion 与生成视觉,4,4,False,2026前沿,generative-vision|unet|diffusion|dit,docs/07-generative-vision/q072.md,DiT 如何注入 timestep？|为什么 latent patch 比 pixel patch 更可行？,U-Net 强局部多尺度，DiT 强 Transformer scaling。,v2-professional-expanded
Q073,73,ControlNet 的思想是什么？,7,Diffusion 与生成视觉,4,4,False,基础高频,generative-vision|controlnet,docs/07-generative-vision/q073.md,为什么 zero-conv 有帮助？|ControlNet 与 adapter 的条件差异？,冻结强生成先验，新增分支注入空间控制。,v2-professional-expanded
Q074,74,Image Editing 与 Text-to-Image 最大区别是什么？,7,Diffusion 与生成视觉,4,4,False,2026产品题,generative-vision|dit,docs/07-generative-vision/q074.md,identity preservation 如何评价？|为什么 VAE round-trip 会影响未编辑区域？,编辑的难点不是生成，而是只改该改的。,v2-professional-expanded
Q075,75,如何评价图像生成模型？,7,Diffusion 与生成视觉,4,4,False,基础高频,generative-vision,docs/07-generative-vision/q075.md,FID 为什么不能评单张？|CLIP score 可能被怎样误导？,生成评价要多维：好看、听话、多样、保持、文字、稳定。,v2-professional-expanded
Q076,76,2D 图像与视频最大的建模区别是什么？,8,视频、3D 与多模态,3,4,False,基础高频,video-3d-multimodal,docs/08-video-3d-multimodal/q076.md,2+1D conv 为什么有效？|如何处理 variable FPS？,视频 = 图像语义 + 时间运动 + 跨帧一致性。,v2-professional-expanded
Q077,77,Optical Flow 是什么？,8,视频、3D 与多模态,3,4,False,基础高频,video-3d-multimodal|optical-flow,docs/08-video-3d-multimodal/q077.md,aperture problem 是什么？|为什么 pyramid 有助大位移？,Flow 是逐像素运动；欠定方程需要额外约束。,v2-professional-expanded
Q078,78,Camera Intrinsic 和 Extrinsic 分别是什么？,8,视频、3D 与多模态,3,4,False,基础高频,video-3d-multimodal|camera-geometry,docs/08-video-3d-multimodal/q078.md,为什么 t 不等于简单相机世界坐标？|PnP 在求什么？,外参管相机在哪，内参管怎么投到像素。,v2-professional-expanded
Q079,79,为什么 monocular depth 存在尺度歧义？,8,视频、3D 与多模态,4,4,False,基础高频,video-3d-multimodal|depth,docs/08-video-3d-multimodal/q079.md,为什么 stereo 近距离更准？|disparity 小时深度误差如何放大？,单目看到投影，不天然知道世界的尺子。,v2-professional-expanded
Q080,80,BEV 为什么在自动驾驶视觉中常见？,8,视频、3D 与多模态,4,4,False,基础高频,video-3d-multimodal|bev,docs/08-video-3d-multimodal/q080.md,Lift-Splat-Shoot 的思想？|BEVFormer query 在做什么？,BEV 把多视角统一到世界平面，换来更直接空间推理。,v2-professional-expanded
Q081,81,多模态融合有哪些常见方式？,8,视频、3D 与多模态,4,4,False,2026前沿,video-3d-multimodal|multimodal,docs/08-video-3d-multimodal/q081.md,缺失模态如何训练鲁棒性？|camera+audio 如何时间对齐？,融合要回答：何时融合、如何对齐、谁更可信。,v2-professional-expanded
Q082,82,VLM 相比传统 CV 模型解决了什么？专用模型还需要吗？,8,视频、3D 与多模态,5,4,False,当前岗位核心,video-3d-multimodal|vlm,docs/08-video-3d-multimodal/q082.md,VLM 为什么 hallucinate？|vision projector 的作用？,VLM 扩展任务边界，专用模型守住精度、成本与实时性。,v2-professional-expanded
Q083,83,训练数据类别严重不均衡怎么办？,9,数据、训练与 Evaluation,4,5,False,公开面经原题,data-training-evaluation|public-interview-pattern,docs/09-data-training-evaluation/q083.md,oversampling 与 class weight 能同时用吗？|长尾与 hard sample 有何区别？,不均衡是数据、采样、目标函数和指标的联合设计。,v2-professional-expanded
Q084,84,MixUp 和 CutMix 分别是什么？,9,数据、训练与 Evaluation,4,4,False,公开面经高频,data-training-evaluation|augmentation|public-interview-pattern,docs/09-data-training-evaluation/q084.md,λ 从什么分布采样？|CutMix 对小目标有什么风险？,MixUp 混整图，CutMix 混局部。,v2-professional-expanded
Q085,85,为什么 Data Augmentation 不能随便加？,9,数据、训练与 Evaluation,4,4,False,基础高频,data-training-evaluation,docs/09-data-training-evaluation/q085.md,如何判断增强产生了 label noise？|TTA 什么时候值得？,Augmentation 本质是 task-specific invariance engineering。,v2-professional-expanded
Q086,86,标注有大量噪声怎么办？,9,数据、训练与 Evaluation,4,4,False,基础高频,data-training-evaluation,docs/09-data-training-evaluation/q086.md,如何区分 hard sample 与 noisy label？|边界标注不一致怎么评估？,先找噪声机制；高 loss 不等于坏数据。,v2-professional-expanded
Q087,87,半监督视觉训练怎么做？最大风险是什么？,9,数据、训练与 Evaluation,4,4,False,基础高频,data-training-evaluation|semi-supervised,docs/09-data-training-evaluation/q087.md,threshold 太高/太低分别怎样？|Mean Teacher 的 EMA 为什么有用？,真标签锚定 + 伪标签扩展；最大敌人是错误自我强化。,v2-professional-expanded
Q088,88,为什么 calibration 在真实视觉系统里重要？,9,数据、训练与 Evaluation,4,4,False,基础高频,data-training-evaluation|calibration,docs/09-data-training-evaluation/q088.md,Calibration 与 accuracy 有何区别？|OOD 与 calibration 什么关系？,模型分数不只要会排序，还要知道自己多确定。,v2-professional-expanded
Q089,89,如何判断模型真的变好，而不是偶然涨 0.5%？,9,数据、训练与 Evaluation,5,4,False,项目拷打核心,data-training-evaluation,docs/09-data-training-evaluation/q089.md,如何做 bootstrap CI？|关键类退化但总体涨怎么办？,涨点要能复现、能解释、落到关键 slice，还要算成本。,v2-professional-expanded
Q090,90,Pruning、Quantization、Distillation 分别解决什么？,10,压缩、部署、系统设计与手撕,4,4,False,基础高频,deployment-system-coding|quantization,docs/10-deployment-system-coding/q090.md,为什么非结构化稀疏不一定快？|蒸馏 temperature 有什么用？,Prune 删结构，Quant 降精度，Distill 教小模型。,v2-professional-expanded
Q091,91,PTQ 和 QAT 有什么区别？,10,压缩、部署、系统设计与手撕,4,4,False,基础高频,deployment-system-coding|quantization,docs/10-deployment-system-coding/q091.md,symmetric vs asymmetric？|为什么 calibration 数据不用很大但要代表？,PTQ 快速后量化，QAT 提前适应量化噪声。,v2-professional-expanded
Q092,92,为什么 FLOPs 降 50%，latency 不一定降 50%？,10,压缩、部署、系统设计与手撕,5,5,True,当前岗位核心,deployment-system-coding|inference|top30,docs/10-deployment-system-coding/q092.md,compute-bound vs memory-bound？|为什么大 batch 吞吐高但 latency 可能高？,FLOPs 是理论工作量，latency 是硬件执行结果。,v2-professional-expanded
Q093,93,ONNX 自身会不会让模型自动变快？,10,压缩、部署、系统设计与手撕,4,4,False,公开面经部署题,deployment-system-coding|onnx|public-interview-pattern,docs/10-deployment-system-coding/q093.md,opset 是什么？|dynamic axes 如何影响 TensorRT？,ONNX 负责表达，快来自后端与硬件。,v2-professional-expanded
Q094,94,TensorRT 为什么快？,10,压缩、部署、系统设计与手撕,5,5,True,基础高频,deployment-system-coding|tensorrt|top30,docs/10-deployment-system-coding/q094.md,Engine 为什么与 GPU/版本相关？|如何定位 PyTorch/TRT 输出差异？,快在编译、融合、低精度和最优 kernel。,v2-professional-expanded
Q095,95,Latency、Throughput、QPS 有什么关系？,10,压缩、部署、系统设计与手撕,4,5,False,公开面经/系统题,deployment-system-coding|inference|public-interview-pattern,docs/10-deployment-system-coding/q095.md,为什么 QPS≠1/latency？|tail latency 从哪里来？,Latency 看一个请求，Throughput 看系统一秒做多少。,v2-professional-expanded
Q096,96,手写 Batch IoU：如何向量化？,10,压缩、部署、系统设计与手撕,4,5,False,手撕必会,deployment-system-coding|iou|coding,docs/10-deployment-system-coding/q096.md,如何分块避免 N×M 太大？|xywh 输入怎么改？,向量化关键：max 左上、min 右下、clip、union。,v2-professional-expanded
Q097,97,手写 NMS：面试时应该怎么写？,10,压缩、部署、系统设计与手撕,4,5,False,公开面经手撕原题,deployment-system-coding|nms|coding|public-interview-pattern,docs/10-deployment-system-coding/q097.md,如何写 Soft-NMS？|batched NMS 怎么做？,排序→取最高→批量 IoU→过滤→循环。,v2-professional-expanded
Q098,98,手写 BatchNorm forward：哪些维度统计？,10,压缩、部署、系统设计与手撕,4,5,False,公开面经手撕原题,deployment-system-coding|normalization|coding|public-interview-pattern,docs/10-deployment-system-coding/q098.md,为什么 eps 在 sqrt 内？|Conv-BN 如何 fuse？,BN 手撕关键：统计轴、running 状态、train/eval。,v2-professional-expanded
Q099,99,系统设计：如何设计一个工业缺陷检测系统？,10,压缩、部署、系统设计与手撕,5,4,False,高级系统题,deployment-system-coding|system-design,docs/10-deployment-system-coding/q099.md,Recall 要99.9%怎么设计测试？|未知缺陷怎么处理？,系统题先谈业务指标和失败成本，再谈模型。,v2-professional-expanded
Q100,100,项目终极拷问：你的模型为什么提升了 3 个点？,10,压缩、部署、系统设计与手撕,5,5,True,终极项目题,deployment-system-coding|project-interview|top30,docs/10-deployment-system-coding/q100.md,如何证明不是参数量带来的？|如何证明不是随机种子？|涨点但超 SLA 怎么办？,黄金链：失败模式→假设→改动→消融→成本→业务结论。,v2-professional-expanded
